{
    "no_attack": {
        "throughput": 3603.318158881846,
        "latency": 9.768465671602698,
        "energy": 1.8873461278413217,
        "security": 0.03939393939393941,
        "cross_shard_ratio": 0.30144778166931335
    },
    "51_percent": {
        "throughput": 3406.2366122421045,
        "latency": 9.823200146446187,
        "energy": 1.8830231440793077,
        "security": 0.005555556171550853,
        "cross_shard_ratio": 0.3055446726698004
    },
    "sybil": {
        "throughput": 3638.149845331013,
        "latency": 9.805173538360231,
        "energy": 1.8685552953580393,
        "security": 0.009090910098901396,
        "cross_shard_ratio": 0.299740468333763
    },
    "eclipse": {
        "throughput": 3749.0114295179824,
        "latency": 9.760591184797493,
        "energy": 1.8694412406494314,
        "security": 0.03939394376190603,
        "cross_shard_ratio": 0.30032237863568234
    },
    "selfish_mining": {
        "throughput": 1690.8642675305402,
        "latency": 9.697873830100667,
        "energy": 1.8830547432065747,
        "security": 0.03939394376190603,
        "cross_shard_ratio": 0.2968057816696622
    },
    "bribery": {
        "throughput": 3105.868928992822,
        "latency": 9.794677322575536,
        "energy": 1.8806412403934747,
        "security": 0.03939394376190603,
        "cross_shard_ratio": 0.300092676760727
    },
    "ddos": {
        "throughput": 3819.0018160262553,
        "latency": 9.813618608852147,
        "energy": 1.8830041692372108,
        "security": 0.06969697742491068,
        "cross_shard_ratio": 0.30098451794849534
    },
    "finney": {
        "throughput": 3439.515209507052,
        "latency": 9.804656199803947,
        "energy": 1.8798641644289231,
        "security": 0.03939394376190603,
        "cross_shard_ratio": 0.30447553710033026
    },
    "mixed": {
        "throughput": 2435.6223758130204,
        "latency": 9.772770744408485,
        "energy": 1.8798161884020428,
        "security": 0.061111117887059356,
        "cross_shard_ratio": 0.3024549626429194
    }
}